{
  "id": "1525643",
  "name": "thoughtworks pages",
  "font_family": "iconfont",
  "css_prefix_text": "icon-",
  "description": "",
  "glyphs": [
    {
      "icon_id": "5203322",
      "name": "圆圈",
      "font_class": "yuanquan",
      "unicode": "e63e",
      "unicode_decimal": 58942
    },
    {
      "icon_id": "6141084",
      "name": "AK-YK圆圈_fill",
      "font_class": "yk_yuanquan_fill",
      "unicode": "e600",
      "unicode_decimal": 58880
    },
    {
      "icon_id": "11727010",
      "name": "关闭",
      "font_class": "close",
      "unicode": "e608",
      "unicode_decimal": 58888
    },
    {
      "icon_id": "11743698",
      "name": "位置",
      "font_class": "location",
      "unicode": "e609",
      "unicode_decimal": 58889
    },
    {
      "icon_id": "11874505",
      "name": "图片",
      "font_class": "tupian",
      "unicode": "e61b",
      "unicode_decimal": 58907
    }
  ]
}
